acatisacatinanylife,https://squareenixmangaandbooks.square-enix-games.com/en-us/product/9781646094714,Square Enix,A Cat Is a Cat in Any Life (2-in-1 Edition),1,Digital,,2026-05-19
acatisacatinanylife,https://squareenixmangaandbooks.square-enix-games.com/en-us/product/9781646094714,Square Enix,A Cat Is a Cat in Any Life (2-in-1 Edition),1,Paperback,9781646094714,2026-05-19
ahowloftheheart,https://squareenixmangaandbooks.square-enix-games.com/en-us/product/9781646094745,Square Enix,A Howl of the Heart,1,Digital,,2026-03-10
ahowloftheheart,https://squareenixmangaandbooks.square-enix-games.com/en-us/product/9781646094752,Square Enix,A Howl of the Heart,2,Digital,,2026-07-21
ahowloftheheart,https://squareenixmangaandbooks.square-enix-games.com/en-us/product/9781646094745,Square Enix,A Howl of the Heart,1,Paperback,9781646094745,2026-03-10
ahowloftheheart,https://squareenixmangaandbooks.square-enix-games.com/en-us/product/9781646094752,Square Enix,A Howl of the Heart,2,Paperback,9781646094752,2026-07-21
amanandhiscat,https://squareenixmangaandbooks.square-enix-games.com/en-us/product/9781646090266,Square Enix,A Man and His Cat,1,Digital,,2020-02-11
amanandhiscat,https://squareenixmangaandbooks.square-enix-games.com/en-us/product/9781646090273,Square Enix,A Man and His Cat,2,Digital,,2020-07-14
amanandhiscat,https://squareenixmangaandbooks.square-enix-games.com/en-us/product/9781646090280,Square Enix,A Man and His Cat,3,Digital,,2021-02-23
amanandhiscat,https://squareenixmangaandbooks.square-enix-games.com/en-us/product/9781646090938,Square Enix,A Man and His Cat,4,Digital,,2021-09-14
amanandhiscat,https://squareenixmangaandbooks.square-enix-games.com/en-us/product/9781646091157,Square Enix,A Man and His Cat,5,Digital,,2022-01-25
amanandhiscat,https://squareenixmangaandbooks.square-enix-games.com/en-us/product/9781646091386,Square Enix,A Man and His Cat,6,Digital,,2022-07-19
amanandhiscat,https://squareenixmangaandbooks.square-enix-games.com/en-us/product/9781646091393,Square Enix,A Man and His Cat,7,Digital,,2022-10-25
amanandhiscat,https://squareenixmangaandbooks.square-enix-games.com/en-us/product/9781646091638,Square Enix,A Man and His Cat,8,Digital,,2023-07-04
amanandhiscat,https://squareenixmangaandbooks.square-enix-games.com/en-us/product/9781646092147,Square Enix,A Man and His Cat,9,Digital,,2023-09-26
amanandhiscat,https://squareenixmangaandbooks.square-enix-games.com/en-us/product/9781646092468,Square Enix,A Man and His Cat,10,Digital,,2024-03-26
amanandhiscat,https://squareenixmangaandbooks.square-enix-games.com/en-us/product/9781646092680,Square Enix,A Man and His Cat,11,Digital,,2024-06-04
amanandhiscat,https://squareenixmangaandbooks.square-enix-games.com/en-us/product/9781646092819,Square Enix,A Man and His Cat Picture Book,1,Digital,,2024-07-09
amanandhiscat,https://squareenixmangaandbooks.square-enix-games.com/en-us/product/9781646093137,Square Enix,A Man and His Cat,12,Digital,,2024-10-15
amanandhiscat,https://squareenixmangaandbooks.square-enix-games.com/en-us/product/9781646093885,Square Enix,A Man and His Cat,13,Digital,,2025-04-08
amanandhiscat,https://squareenixmangaandbooks.square-enix-games.com/en-us/product/9781646094462,Square Enix,A Man and His Cat,14,Digital,,2025-12-02
amanandhiscat,https://squareenixmangaandbooks.square-enix-games.com/en-us/product/9781646094905,Square Enix,A Man and His Cat,15,Digital,,2026-04-14
amanandhiscat,https://squareenixmangaandbooks.square-enix-games.com/en-us/product/9781646092819,Square Enix,A Man and His Cat Picture Book,1,Hardcover,9781646092819,2024-07-09
amanandhiscat,https://squareenixmangaandbooks.square-enix-games.com/en-us/product/9781646090266,Square Enix,A Man and His Cat,1,Paperback,9781646090266,2020-02-11
amanandhiscat,https://squareenixmangaandbooks.square-enix-games.com/en-us/product/9781646090273,Square Enix,A Man and His Cat,2,Paperback,9781646090273,2020-07-14
amanandhiscat,https://squareenixmangaandbooks.square-enix-games.com/en-us/product/9781646090280,Square Enix,A Man and His Cat,3,Paperback,9781646090280,2021-02-23
amanandhiscat,https://squareenixmangaandbooks.square-enix-games.com/en-us/product/9781646090938,Square Enix,A Man and His Cat,4,Paperback,9781646090938,2021-09-14
amanandhiscat,https://squareenixmangaandbooks.square-enix-games.com/en-us/product/9781646091157,Square Enix,A Man and His Cat,5,Paperback,9781646091157,2022-01-25
amanandhiscat,https://squareenixmangaandbooks.square-enix-games.com/en-us/product/9781646091386,Square Enix,A Man and His Cat,6,Paperback,9781646091386,2022-07-19
amanandhiscat,https://squareenixmangaandbooks.square-enix-games.com/en-us/product/9781646091393,Square Enix,A Man and His Cat,7,Paperback,9781646091393,2022-10-25
amanandhiscat,https://squareenixmangaandbooks.square-enix-games.com/en-us/product/9781646091638,Square Enix,A Man and His Cat,8,Paperback,9781646091638,2023-07-04
amanandhiscat,https://squareenixmangaandbooks.square-enix-games.com/en-us/product/9781646092147,Square Enix,A Man and His Cat,9,Paperback,9781646092147,2023-09-26
amanandhiscat,https://squareenixmangaandbooks.square-enix-games.com/en-us/product/9781646092468,Square Enix,A Man and His Cat,10,Paperback,9781646092468,2024-03-26
amanandhiscat,https://squareenixmangaandbooks.square-enix-games.com/en-us/product/9781646092680,Square Enix,A Man and His Cat,11,Paperback,9781646092680,2024-06-04
amanandhiscat,https://squareenixmangaandbooks.square-enix-games.com/en-us/product/9781646093137,Square Enix,A Man and His Cat,12,Paperback,9781646093137,2024-10-15
amanandhiscat,https://squareenixmangaandbooks.square-enix-games.com/en-us/product/9781646093885,Square Enix,A Man and His Cat,13,Paperback,9781646093885,2025-04-08
amanandhiscat,https://squareenixmangaandbooks.square-enix-games.com/en-us/product/9781646094462,Square Enix,A Man and His Cat,14,Paperback,9781646094462,2025-12-02
amanandhiscat,https://squareenixmangaandbooks.square-enix-games.com/en-us/product/9781646094905,Square Enix,A Man and His Cat,15,Paperback,9781646094905,2026-04-14
