heavenofficialsblessing,CN,manhua
heavenofficialsblessingthecomic,CN,manhua
13thboy,KR,manhwa
teamphoenix,other,comic
veil,other,comic
menagea3,other,comic
sandraontherocks,other,comic
stickydillybuns,other,comic
littlemegaman,other,comic
mrmegaman,other,comic
towerofgod,KR,manhwa
noblesse,KR,manhwa
thegodofhighschool,KR,manhwa
truebeauty,KR,manhwa
yourthrone,KR,manhwa
viralhit,KR,manhwa
actlikeyouloveme,KR,manhwa
operationtruelove,KR,manhwa
themafiananny,KR,manhwa
getschooled,KR,manhwa
terrorman,KR,manhwa
loreolympus,other,webtoon
cursedprincessclub,other,webtoon
boyfriendsvolumeone,other,webtoon
boyfriendsvolumetwo,other,webtoon
boyfriendsvolumethree,other,webtoon
boyfriendsvolumefour,other,webtoon
morganaandoz,other,webtoon
thirdshiftsocietyvolumeone,other,webtoon
thirdshiftsocietyvolumetwo,other,webtoon
chasingred,other,webtoon
lumine,other,webtoon
deathofapopstar,other,webtoon
gourmethound,other,webtoon
agemattersvolumeone,other,webtoon
agemattersvolumetwo,other,webtoon
freakingromance,other,webtoon
ravensaga,other,webtoon
thekissbet,other,webtoon
accidentalassassin,other,webtoon
everythingisfine,other,webtoon
loveadvicefromthegreatdukeofhell,other,webtoon
vampirefamily,other,webtoon
acception,other,webtoon
starcatcher,other,webtoon
lovebites,other,webtoon
love4awalk,other,webtoon
